casilla_id,distrito_fed_17,distrito_fed_12,distrito_loc_17,distrito_loc_12,are,seccion,casilla,tipo_seccion,pri_pvem,pan_na,prd,pt,mc,otros,total,ln,tamano_md,tamano_gd,region,casilla_ex,rural,ln_total
600,1,1,2,2,1-12,2936,B-C,M,75,157,9,0,0,5,246,307,0,0,2,0,0,307
170,4,1,1,1,1-84,2381,S,U,120,95,11,2,1,10,239,0,0,0,1,0,0,239
84,4,1,1,1,1-101,1897,B-C,U,173,255,28,0,0,5,461,618,1,0,1,0,0,618
455,1,1,2,2,1-50,2559,B-C,U,162,165,19,7,5,13,371,684,1,0,2,0,0,684
419,1,1,2,2,1-43,2546,B-C,U,182,131,16,4,9,12,354,546,1,0,2,0,0,546
414,1,1,2,2,1-44,2544,B-C,U,146,168,24,5,7,24,374,700,1,0,2,0,0,700
82,4,1,1,1,1-101,1896,B-C,M,135,206,18,0,1,13,373,560,1,0,1,0,0,560
125,4,1,1,1,1-64,2356,B-C,M,134,191,5,29,0,14,373,610,1,0,1,0,0,610
415,1,1,2,2,1-43,2545,B-C,U,160,144,15,12,7,20,358,636,1,0,2,0,0,636
113,4,1,1,1,1-63,2349,B-C,U,175,170,13,24,2,18,402,610,1,0,1,0,0,610
502,1,1,2,2,1-36,2587,B-C,U,110,126,13,11,4,30,294,637,1,0,2,0,0,637
412,1,1,2,2,1-44,2544,B-C,U,163,174,17,6,2,0,362,701,1,0,2,0,0,701
80,4,1,1,1,1-100,1895,B-C,U,177,199,22,2,2,11,413,627,1,0,1,0,0,627
483,1,1,2,2,1-41,2578,E,R,19,38,2,1,0,3,63,160,0,0,2,1,1,160
297,1,1,2,2,1-5,335,B-C,R,230,156,1,0,1,0,388,489,0,0,2,0,1,489
471,1,1,2,2,1-38,2571,B-C,R,59,119,25,23,4,17,247,589,0,0,2,0,1,589
97,4,1,1,1,1-103,1905,B-C,R,111,113,34,3,0,21,282,471,0,0,1,0,1,471
245,4,1,1,1,1-76,2419,B-C,R,120,83,15,4,1,21,244,522,0,0,1,0,1,522
607,1,1,2,2,1-9,2940,E,R,102,184,3,0,0,8,297,398,0,0,2,1,1,398
490,1,1,2,2,1-41,2582,B-C,R,102,168,14,4,3,21,312,645,1,0,2,0,1,645
231,4,1,1,1,1-79,2412,B-C,R,90,54,41,6,0,15,206,424,0,0,1,0,1,424
605,1,1,2,2,1-6,2939,B-C,R,104,128,3,0,0,3,238,313,0,0,2,0,1,313
5937,10,10,20,20,10-6,1871,B-C,U,68,155,19,1,9,14,266,438,0,0,2,0,0,438
5268,14,10,15,17,10-49,2747,B-C,U,109,198,20,3,1,12,343,517,1,0,2,0,0,517
6424,10,10,20,21,10-38,2330,B-C,U,147,154,12,6,1,13,333,585,1,0,2,0,0,585
5948,10,10,20,20,10-4,1876,B-C,U,80,162,19,0,5,15,281,414,0,0,2,0,0,414
6334,10,10,20,21,10-20,2280,B-C,U,82,122,22,2,3,7,238,377,0,0,2,0,0,377
6448,10,10,20,21,10-45,2344,B-C,R,78,103,18,10,2,6,217,510,0,0,2,0,1,510
6377,10,10,20,21,10-29,2305,B-C,R,84,169,24,3,1,22,303,488,0,0,2,0,1,488
6449,10,10,20,21,10-45,2345,B-C,R,102,196,19,3,0,12,332,626,0,0,2,0,1,626
5979,10,10,20,20,10-12,1891,B-C,R,52,126,25,3,0,16,222,441,0,0,2,0,1,441
6142,10,10,20,20,10-91,2986,B-C,R,123,102,5,2,0,13,245,543,1,0,2,0,1,543
5992,10,10,20,20,10-46,2649,B-C,R,142,194,5,1,0,7,349,468,0,0,2,0,1,468
3858,13,11,18,13,11-74,24,B-C,U,145,211,14,7,3,27,407,557,1,0,1,0,0,557
5386,13,11,10,18,11-88,721,B-C,U,172,144,66,3,0,8,393,630,0,0,1,0,0,630
3832,13,11,18,13,11-63,11,B-C,U,186,255,11,2,6,7,467,681,1,0,1,0,0,681
3811,13,11,18,13,11-65,4,B-C,U,150,210,9,3,1,8,381,528,1,0,1,0,0,528
3839,13,11,18,13,11-79,16,B-C,R,125,145,17,8,2,28,325,548,1,0,1,0,1,548
5520,7,11,18,18,11-14,1967,B-C,R,131,146,10,7,0,15,309,683,1,0,1,0,1,683
5495,7,11,18,18,11-3,1953,B-C,R,118,118,7,6,1,26,276,589,0,0,1,0,1,589
5583,7,11,18,18,11-6,1996,B-C,R,65,143,50,23,3,24,308,702,1,0,1,0,1,702
5550,7,11,18,18,11-14,1980,B-C,R,137,176,5,3,1,19,341,581,0,0,1,0,1,581
3878,13,11,18,13,11-70,34,B-C,R,111,158,8,3,3,19,302,558,1,0,1,0,1,558
5353,7,11,10,18,11-104,590,B-C,R,111,127,3,6,0,18,265,509,0,0,1,0,1,509
3902,13,11,18,13,11-57,46,B-C,R,63,147,16,4,0,7,237,410,0,0,1,0,1,410
5351,7,11,10,18,11-100,588,B-C,R,65,47,1,4,1,4,122,205,0,0,1,0,1,205
5512,7,11,18,18,11-6,1963,B-C,R,123,122,17,8,0,13,283,504,1,0,1,0,1,504
5493,7,11,18,18,11-35,1952,B-C,R,76,144,3,2,0,6,231,393,0,0,1,0,1,393
5555,7,11,18,18,11-7,1982,B-C,R,80,170,23,17,2,12,304,722,1,0,1,0,1,722
4798,12,12,16,16,12-6,422,B-C,U,190,182,21,3,2,20,418,596,1,0,2,0,0,596
4568,12,12,16,15,12-59,526,B-C,M,152,282,14,7,2,15,472,733,1,0,2,0,0,733
4365,12,12,16,15,12-42,347,B-C,NA,159,193,33,8,6,18,417,720,0,1,2,0,0,720
4841,12,12,15,16,12-13,460,B-C,U,143,194,36,7,9,15,404,630,1,0,2,0,0,630
4726,12,12,16,16,12-36,346,B-C,U,109,153,21,3,6,7,299,501,1,0,2,0,0,501
4446,12,12,15,15,12-53,410,B-C,U,123,146,12,2,2,7,292,429,0,0,2,0,0,429
4441,12,12,15,15,12-54,408,B-C,U,121,202,23,6,3,3,358,498,0,0,2,0,0,498
4785,12,12,16,16,12-18,402,B-C,U,156,199,23,6,4,15,403,667,1,0,2,0,0,667
4426,12,12,15,15,12-50,384,B-C,U,139,193,26,10,3,20,391,566,1,0,2,0,0,566
4677,12,12,16,16,12-39,336,B-C,U,138,210,36,5,4,11,404,727,0,1,2,0,0,727
4412,12,12,15,15,12-48,377,B-C,U,130,188,16,9,2,7,352,498,0,0,2,0,0,498
4705,12,12,16,16,12-25,341,B-C,U,168,146,12,3,10,14,353,661,1,0,2,0,0,661
4952,12,12,15,16,12-78,547,B-C,R,152,281,15,5,1,16,470,693,1,0,2,0,1,693
4876,2,12,16,16,12-61,494,B-C,R,112,132,1,1,9,0,255,480,0,0,2,0,1,480
4551,2,12,16,15,12-62,508,B-C,R,102,143,6,1,0,8,260,403,0,0,2,0,1,403
5757,13,13,19,19,13-58,2834,B-C,U,79,198,31,3,7,15,333,513,1,0,2,0,0,513
5736,13,13,19,19,13-59,2825,B-C,U,63,179,44,3,3,13,305,508,1,0,2,0,0,508
5719,13,13,19,19,13-56,2817,B-C,M,45,237,76,7,4,42,411,644,1,0,2,0,0,644
5775,13,13,19,19,13-67,2841,B-C,U,41,163,94,2,4,23,327,593,1,0,2,0,0,593
5789,13,13,19,19,13-69,2846,B-C,U,38,104,114,1,4,22,283,535,1,0,2,0,0,535
4482,12,13,15,15,13-1,437,B-C,U,126,192,13,3,2,11,347,453,0,0,2,0,0,453
4527,12,13,15,15,13-11,486,B-C,U,133,99,15,5,6,12,270,552,1,0,2,0,0,552
5679,13,13,19,19,13-46,1185,B-C,U,153,207,24,2,4,5,395,567,1,0,2,0,0,567
4478,12,13,15,15,13-1,436,B-C,U,148,227,33,8,5,12,433,584,1,0,2,0,0,584
5768,13,13,19,19,13-65,2839,B-C,U,45,178,44,1,2,20,290,509,1,0,2,0,0,509
6192,10,13,19,21,13-22,667,B-C,U,192,196,29,3,4,15,439,698,1,0,2,0,0,698
4825,12,13,15,16,13-2,447,B-C,U,144,165,11,3,0,8,331,455,0,0,2,0,0,455
6234,10,13,19,21,13-28,686,B-C,U,167,220,24,2,2,9,424,622,1,0,2,0,0,622
5833,13,13,19,19,13-82,2863,E,M,50,150,140,3,1,20,364,675,1,0,2,1,0,675
5751,13,13,19,19,13-62,2831,B-C,U,85,244,75,2,2,27,435,730,1,0,2,0,0,730
4515,12,13,15,15,13-8,479,B-C,U,153,114,19,4,5,13,308,608,1,0,2,0,0,608
6229,10,13,19,21,13-30,684,B-C,U,158,198,26,3,2,14,401,630,1,0,2,0,0,630
6249,10,13,19,21,13-33,691,B-C,U,92,161,21,3,1,12,290,574,1,0,2,0,0,574
4508,12,13,15,15,13-6,477,B-C,U,139,162,26,4,3,14,348,597,1,0,2,0,0,597
6271,10,13,19,21,13-27,700,B-C,M,93,122,16,1,1,9,242,401,0,0,2,0,0,401
5865,13,13,19,19,13-89,2874,B-C,R,49,155,94,21,3,38,360,655,1,0,2,0,1,655
6282,10,13,19,21,13-40,706,B-C,R,97,85,2,1,1,7,193,388,0,0,2,0,1,388
5852,13,13,19,19,13-86,2870,E,R,103,197,116,3,2,21,442,718,1,0,2,1,1,718
5815,13,13,19,19,13-77,2856,B-C,R,60,195,117,1,4,18,395,638,1,0,2,0,1,638
5819,13,13,19,19,13-78,2858,B-C,R,29,95,45,5,2,13,189,436,0,0,2,0,1,436
6273,10,13,19,21,13-37,701,B-C,R,110,174,11,6,1,9,311,530,1,0,2,0,1,530
5876,13,13,19,19,13-84,2877,B-C,R,73,157,78,4,4,7,323,530,1,0,2,0,1,530
5707,13,13,19,19,13-53,1198,B-C,R,97,123,4,0,0,6,230,395,0,0,2,0,1,395
6674,14,14,22,22,14-86,1222,B-C,U,125,104,54,2,0,23,308,624,0,0,2,0,0,624
5104,14,14,9,17,14-60,302,B-C,U,126,140,29,1,0,19,315,699,1,0,2,0,0,699
5018,14,14,22,17,14-40,258,B-C,M,106,149,10,3,139,36,443,654,1,0,2,0,0,654
6545,14,14,22,22,14-18,96,B-C,U,79,88,33,2,0,9,211,471,0,0,2,0,0,471
4984,14,14,22,17,14-36,244,B-C,U,99,120,22,25,135,33,434,737,1,0,2,0,0,737
5074,14,14,9,17,14-54,290,B-C,U,128,159,33,5,3,10,338,543,1,0,2,0,0,543
5035,14,14,22,17,14-47,268,B-C,R,98,144,10,3,38,28,321,736,0,0,2,0,1,736
6694,14,14,22,22,14-89,1236,B-C,R,88,82,61,2,3,45,281,595,0,0,2,0,1,595
6593,14,14,22,22,14-29,122,B-C,R,77,66,36,4,0,0,183,377,0,0,2,0,1,377
6678,14,14,22,22,14-83,1225,B-C,R,47,79,104,3,6,27,266,576,1,0,2,0,1,576
6536,14,14,22,22,14-16,91,B-C,R,34,93,67,3,0,14,211,495,0,0,2,0,1,495
6564,14,14,22,22,14-21,106,B-C,R,30,95,75,6,1,17,224,436,0,0,2,0,1,436
6595,14,14,22,22,14-29,123,B-C,R,139,97,68,2,1,36,343,695,1,0,2,0,1,695
6609,14,14,22,22,14-32,132,B-C,R,83,53,48,12,3,25,224,459,0,0,2,0,1,459
6690,14,14,22,22,14-88,1233,B-C,R,85,81,79,4,5,36,290,693,0,0,2,0,1,693
6641,14,14,22,22,14-74,660,B-C,R,133,245,72,3,0,12,465,723,1,0,2,0,1,723
2527,2,2,9,9,2-1,141,B-C,M,142,173,25,9,4,15,368,632,1,0,2,0,0,632
5196,2,2,17,17,2-63,620,B-C,M,104,177,5,2,3,9,300,518,1,0,2,0,0,518
303,1,2,2,2,2-93,741,B-C,M,156,272,17,2,17,21,485,669,1,0,2,0,0,669
5254,2,2,17,17,2-60,649,B-C,U,91,227,37,8,3,22,388,568,1,0,2,0,0,568
2548,2,2,9,9,2-9,149,B-C,U,148,179,13,1,6,16,363,610,1,0,2,0,0,610
2617,2,2,9,9,2-14,176,B-C,U,108,182,23,3,5,9,330,464,0,0,2,0,0,464
553,1,2,2,2,2-88,2779,B-C,M,72,257,43,5,1,14,392,514,1,0,2,0,0,514
2593,2,2,9,9,2-14,168,B-C,U,135,180,23,4,7,20,369,561,1,0,2,0,0,561
379,2,2,2,2,2-81,2528,B-C,M,103,105,89,3,1,10,311,545,1,0,2,0,0,545
2539,2,2,9,9,2-4,145,B-C,M,176,159,20,4,7,25,391,682,1,0,2,0,0,682
2677,2,2,9,9,2-42,212,B-C,R,102,90,8,4,0,12,216,375,0,0,2,0,1,375
2721,2,2,9,9,2-20,240,B-C,R,38,35,2,1,1,9,86,249,0,0,2,0,1,249
2671,2,2,9,9,2-25,208,B-C,R,115,116,6,6,1,19,263,441,0,0,2,0,1,441
5232,2,2,17,17,2-67,638,B-C,R,100,200,15,15,3,21,354,609,1,0,2,0,1,609
352,2,2,2,2,2-70,2515,B-C,R,153,148,25,2,3,11,342,533,1,0,2,0,1,533
5242,2,2,17,17,2-67,642,B-C,R,82,123,17,9,0,23,254,453,0,0,2,0,1,453
1976,6,3,7,7,3-59,1440,B-C,U,145,176,10,2,2,7,342,464,0,0,1,0,0,464
1881,3,3,7,7,3-45,1371,B-C,U,96,149,5,1,0,8,259,387,0,0,1,0,0,387
1036,6,3,4,4,3-22,1309,B-C,U,173,140,9,3,0,8,333,612,1,0,1,0,0,612
1163,6,3,4,4,3-54,1391,B-C,U,155,261,7,4,3,10,440,642,1,0,1,0,0,642
1177,20,3,21,4,3-70,1392,B-C,NA,213,228,14,6,2,15,478,733,0,1,1,0,0,733
1247,3,3,4,4,3-79,1496,B-C,NA,145,131,3,2,0,7,288,746,0,1,1,0,0,746
1188,20,3,21,4,3-68,1392,B-C,NA,214,226,25,5,3,14,487,734,0,1,1,0,0,734
1968,6,3,21,7,3-63,1437,B-C,U,197,259,13,7,0,15,491,658,1,0,1,0,0,658
1077,3,3,7,4,3-31,1325,B-C,U,174,150,5,2,2,16,349,604,1,0,1,0,0,604
1072,6,3,7,4,3-30,1323,B-C,U,170,142,4,1,4,7,328,638,1,0,1,0,0,638
1092,6,3,7,4,3-39,1333,B-C,U,172,132,8,1,1,10,324,621,1,0,1,0,0,621
935,3,3,4,4,3-5,1277,B-C,U,250,174,12,2,2,10,450,730,1,0,1,0,0,730
1130,6,3,7,4,3-37,1350,B-C,U,155,169,12,4,0,14,354,616,1,0,1,0,0,616
1108,3,3,7,4,3-32,1338,B-C,U,95,124,5,4,2,9,239,406,0,0,1,0,0,406
1277,6,3,4,4,3-86,1504,B-C,M,172,111,6,0,0,17,306,634,1,0,1,0,0,634
1229,3,3,4,4,3-78,1496,B-C,NA,136,141,5,1,1,6,290,746,0,1,1,0,0,746
1111,3,3,7,4,3-33,1340,B-C,U,161,227,3,1,3,4,399,660,1,0,1,0,0,660
1273,3,3,4,4,3-84,1500,B-C,NA,160,171,9,4,0,8,352,722,0,1,1,0,0,722
1871,6,3,7,7,3-41,1366,B-C,U,136,171,2,2,1,6,318,585,1,0,1,0,0,585
2258,4,4,8,8,4-53,855,B-C,U,180,133,19,6,2,11,351,552,1,0,1,0,0,552
2317,4,4,8,8,4-66,878,B-C,M,198,208,22,2,6,14,450,748,0,1,1,0,0,748
2253,4,4,8,8,4-52,853,B-C,U,196,82,18,6,6,12,320,679,1,0,1,0,0,679
2301,4,4,8,8,4-63,876,B-C,M,142,145,44,6,3,11,351,650,1,0,1,0,0,650
3742,9,4,11,12,4-102,1128,B-C,M,88,153,6,10,1,9,267,482,0,0,1,0,0,482
2306,4,4,8,8,4-67,878,B-C,M,231,186,29,6,3,5,460,747,0,1,1,0,0,747
2192,4,4,8,8,4-41,823,B-C,U,176,175,17,7,5,15,395,535,1,0,1,0,0,535
2798,1,4,1,9,4-28,808,E,R,146,86,7,2,1,10,252,418,1,0,1,1,1,418
69,1,4,8,1,4-31,801,E,R,110,74,4,0,1,11,200,369,1,0,1,1,1,369
3767,9,4,11,12,4-100,1141,B-C,R,111,132,23,6,0,10,282,506,1,0,1,0,1,506
877,5,5,5,3,5-63,1770,B-C,U,154,143,8,3,0,4,312,539,1,0,1,0,0,539
1479,5,5,6,5,5-43,1816,B-C,U,121,210,7,4,0,10,352,472,0,0,1,0,0,472
1497,5,5,5,5,5-71,1827,B-C,U,189,222,22,6,6,17,462,641,1,0,1,0,0,641
1539,5,5,5,5,5-70,1847,B-C,U,226,204,8,4,6,9,457,735,1,0,1,0,0,735
1604,5,5,5,5,5-84,3024,B-C,U,165,133,5,3,1,10,317,537,1,0,1,0,0,537
1431,5,5,5,5,5-68,1794,B-C,U,188,206,15,2,3,9,423,701,0,1,1,0,0,701
878,5,5,5,3,5-63,1770,B-C,U,145,166,2,3,1,11,328,539,1,0,1,0,0,539
1301,5,5,7,5,5-30,1426,B-C,U,169,125,9,7,7,7,324,503,0,0,1,0,0,503
1515,5,5,5,5,5-71,1836,B-C,U,144,114,10,0,0,14,282,493,0,0,1,0,0,493
683,3,5,3,3,5-11,1681,B-C,U,213,226,17,0,6,16,478,734,0,1,1,0,0,734
801,5,5,5,3,5-57,1734,B-C,U,179,249,5,5,4,16,458,693,1,0,1,0,0,693
682,3,5,3,3,5-10,1681,B-C,U,222,220,9,2,2,14,469,734,0,1,1,0,0,734
756,3,5,3,3,5-22,1713,B-C,U,188,184,5,1,4,7,389,484,0,0,1,0,0,484
1446,5,5,7,5,5-35,1800,B-C,U,153,144,11,2,2,5,317,498,0,0,1,0,0,498
1396,6,6,7,5,6-63,1521,B-C,U,160,218,13,4,3,8,406,529,0,0,1,0,0,529
2103,11,6,21,7,6-26,1642,B-C,U,193,174,0,4,0,10,381,708,0,1,1,0,0,708
2151,11,6,21,7,6-22,1647,B-C,U,182,166,9,0,2,13,372,737,0,1,1,0,0,737
1811,11,6,6,6,6-53,1637,B-C,U,192,176,4,1,2,15,390,611,1,0,1,0,0,611
2118,11,6,21,7,6-23,1643,B-C,U,181,165,15,10,1,10,382,695,0,1,1,0,0,695
1740,11,6,6,6,6-76,1600,B-C,U,170,186,11,2,0,14,383,588,1,0,1,0,0,588
1547,5,6,5,5,6-81,1850,B-C,U,130,150,5,1,3,11,300,538,1,0,1,0,0,538
1726,11,6,6,6,6-70,1593,B-C,U,144,135,5,1,1,30,316,532,1,0,1,0,0,532
1633,6,6,7,6,6-57,1529,B-C,U,147,184,15,3,0,22,371,480,0,0,1,0,0,480
2062,6,6,4,7,6-28,1632,B-C,NA,177,189,17,3,3,9,398,743,0,1,1,0,0,743
2034,11,6,21,7,6-39,1619,B-C,U,142,160,17,6,0,9,334,497,0,0,1,0,0,497
2114,11,6,21,7,6-25,1642,B-C,U,157,190,5,1,0,25,378,708,0,1,1,0,0,708
2137,11,6,6,7,6-19,1646,B-C,U,171,155,5,3,0,11,345,643,1,0,1,0,0,643
2077,11,6,21,7,6-35,1634,B-C,U,188,239,9,3,3,5,447,749,0,1,1,0,0,749
2167,6,6,4,7,6-4,1660,B-C,U,226,131,5,1,1,14,378,615,1,0,1,0,0,615
1741,11,6,6,6,6-76,1601,B-C,U,164,171,14,2,1,5,357,594,1,0,1,0,0,594
2086,11,6,21,7,6-35,1634,B-C,U,216,217,12,3,2,16,466,749,0,1,1,0,0,749
2127,11,6,6,7,6-18,1644,B-C,U,183,143,5,4,1,10,346,724,1,0,1,0,0,724
1751,11,6,6,6,6-74,1605,B-C,U,183,135,7,7,0,7,339,568,1,0,1,0,0,568
2101,11,6,21,7,6-25,1642,B-C,U,179,206,6,6,0,5,402,708,0,1,1,0,0,708
2178,11,6,6,7,6-3,1667,B-C,U,276,89,3,1,2,14,385,579,1,0,1,0,0,579
1529,5,6,6,5,6-79,1843,B-C,U,196,203,14,3,3,9,428,679,0,0,1,0,0,679
1682,11,6,21,6,6-43,1560,B-C,U,166,138,17,6,0,5,332,498,0,0,1,0,0,498
2188,11,6,6,7,6-1,1670,B-C,U,225,81,5,1,0,14,326,572,1,0,1,0,0,572
1802,5,6,6,6,6-83,1627,B-C,U,168,167,10,4,1,10,360,677,1,0,1,0,0,677
1680,11,6,21,6,6-43,1559,B-C,U,182,230,20,1,2,8,443,669,1,0,1,0,0,669
1812,11,6,6,6,6-53,1637,B-C,U,205,139,6,4,5,12,371,611,1,0,1,0,0,611
2160,11,6,6,7,6-6,1653,B-C,R,189,199,13,1,2,10,414,723,1,0,1,0,1,723
2981,7,7,10,10,7-32,2447,B-C,U,158,290,5,3,0,7,463,656,1,0,1,0,0,656
3060,7,7,10,10,7-45,2477,B-C,U,145,244,7,3,2,6,407,702,0,1,1,0,0,702
2827,7,7,10,10,7-3,2034,B-C,U,141,311,7,3,1,6,469,720,1,0,1,0,0,720
2868,7,7,10,10,7-8,2044,B-C,M,85,274,3,1,2,15,380,643,1,0,1,0,0,643
3127,9,7,13,10,7-66,2676,B-C,U,158,196,8,3,0,14,379,621,1,0,1,0,0,621
3009,7,7,10,10,7-36,2460,B-C,U,122,190,5,0,1,5,323,466,0,0,1,0,0,466
2828,7,7,10,10,7-3,2034,B-C,U,144,323,5,1,0,14,487,720,1,0,1,0,0,720
2837,7,7,10,10,7-1,2036,B-C,U,115,236,6,0,1,9,367,666,0,1,1,0,0,666
3178,9,7,13,10,7-90,2719,B-C,M,155,137,15,3,2,6,318,622,1,0,1,0,0,622
3128,9,7,13,10,7-66,2677,B-C,U,123,110,9,0,2,9,253,522,1,0,1,0,0,522
3139,9,7,13,10,7-68,2685,B-C,U,170,135,12,4,1,9,331,600,1,0,1,0,0,600
3043,7,7,10,10,7-38,2474,B-C,U,153,262,6,3,0,6,430,608,1,0,1,0,0,608
2960,13,7,13,10,7-24,2095,B-C,R,250,112,33,1,0,13,409,701,1,0,1,0,1,701
3076,7,7,10,10,7-47,2483,B-C,R,193,117,1,0,1,13,325,530,1,0,1,0,1,530
2949,13,7,13,10,7-31,2086,B-C,R,87,129,46,3,0,0,265,555,1,0,1,0,1,555
3179,9,7,13,10,7-92,2720,B-C,R,201,171,8,0,0,13,393,673,1,0,1,0,1,673
3196,9,7,13,10,7-95,2731,B-C,R,71,119,13,8,0,16,227,434,0,0,1,0,1,434
3194,9,7,13,10,7-95,2730,B-C,R,179,145,8,9,1,19,361,738,1,0,1,0,1,738
2939,13,7,13,10,7-25,2079,B-C,R,59,64,132,0,1,12,268,506,1,0,1,0,1,506
3083,7,7,10,10,7-51,2486,B-C,R,187,206,6,2,0,10,411,732,1,0,1,0,1,732
2975,13,7,13,10,7-28,2105,B-C,R,87,32,102,4,2,28,255,411,0,0,1,0,1,411
2958,13,7,13,10,7-26,2094,B-C,R,58,29,5,1,1,2,96,165,0,0,1,0,1,165
2474,9,7,13,8,7-77,2690,B-C,R,100,77,6,6,0,7,196,674,1,0,1,0,1,674
4294,8,8,17,14,8-30,2620,S,U,59,98,12,2,2,6,179,0,1,0,2,0,0,179
4122,8,8,14,14,8-79,2118,B-C,U,134,111,10,15,3,4,277,383,0,0,2,0,0,383
4236,8,8,14,14,8-42,2219,B-C,U,73,178,12,8,4,13,288,536,1,0,2,0,0,536
4627,8,8,17,15,8-10,2915,B-C,U,121,211,14,6,2,6,360,501,1,0,2,0,0,501
4347,8,8,17,14,8-32,2639,B-C,U,85,249,35,3,3,13,388,591,1,0,2,0,0,591
4133,8,8,14,14,8-80,2123,B-C,U,155,158,15,12,3,6,349,451,0,0,2,0,0,451
4301,8,8,17,14,8-29,2623,B-C,U,71,199,11,10,4,17,312,535,1,0,2,0,0,535
4612,8,8,17,15,8-18,2908,B-C,M,136,285,20,19,2,5,467,706,1,0,2,0,0,706
4274,8,8,17,14,8-21,2612,B-C,U,119,272,6,3,3,6,409,635,1,0,2,0,0,635
4161,8,8,14,14,8-83,2145,B-C,U,156,163,18,12,5,10,364,568,0,0,2,0,0,568
3958,8,8,14,13,8-90,2177,B-C,U,167,200,21,9,5,0,402,691,1,0,2,0,0,691
3999,8,8,14,13,8-101,2190,B-C,U,169,180,9,8,2,14,382,699,1,0,2,0,0,699
4190,8,8,14,14,8-87,2169,B-C,U,150,116,14,3,6,11,300,537,1,0,2,0,0,537
4217,8,8,14,14,8-41,2208,B-C,R,67,180,6,3,4,20,280,569,1,0,2,0,1,569
4262,8,8,14,14,8-88,2240,B-C,R,155,160,8,9,4,11,347,486,0,0,2,0,1,486
4329,8,8,17,14,8-26,2632,B-C,R,90,151,28,8,1,15,293,630,1,0,2,0,1,630
4047,8,8,14,13,8-53,2237,B-C,R,141,195,13,6,0,11,366,653,0,0,2,0,1,653
4035,8,8,14,13,8-60,2231,B-C,R,107,245,6,4,6,17,385,584,1,0,2,0,1,584
4044,8,8,14,13,8-103,2235,B-C,R,84,205,16,2,0,8,315,573,0,0,2,0,1,573
4242,8,8,14,14,8-47,2222,B-C,R,181,95,20,2,5,19,322,464,0,0,2,0,1,464
4651,8,8,17,15,8-8,2925,B-C,R,105,249,34,4,1,21,414,635,1,0,2,0,1,635
4081,8,8,14,13,8-54,2253,B-C,R,74,219,12,1,0,3,309,519,1,0,2,0,1,519
3758,9,9,11,12,9-6,1138,B-C,U,131,176,7,2,0,15,331,559,1,0,1,0,0,559
3259,15,9,11,11,9-27,987,B-C,U,176,230,12,8,4,21,451,709,1,0,1,0,0,709
3364,15,9,12,11,9-71,1086,B-C,U,120,104,14,2,0,9,249,459,0,0,1,0,0,459
3212,9,9,11,11,9-29,938,B-C,U,174,186,6,5,2,11,384,565,1,0,1,0,0,565
3385,15,9,12,11,9-51,1098,B-C,U,169,56,11,2,0,1,239,584,1,0,1,0,0,584
3683,15,9,12,12,9-73,1062,B-C,U,128,189,10,0,0,23,350,571,1,0,1,0,0,571
3390,15,9,11,11,9-48,1099,B-C,U,173,172,8,5,4,10,372,684,0,1,1,0,0,684
3330,15,9,12,11,9-65,1065,B-C,U,144,125,5,0,1,12,287,535,1,0,1,0,0,535
3302,15,9,12,11,9-47,1038,B-C,U,181,194,12,3,3,10,403,698,1,0,1,0,0,698
3284,15,9,12,11,9-59,1018,B-C,U,187,214,13,6,1,15,436,715,0,0,1,0,0,715
3759,9,9,11,12,9-6,1138,B-C,U,127,164,8,2,0,19,320,559,1,0,1,0,0,559
3336,15,9,12,11,9-55,1068,B-C,U,214,179,7,5,4,14,423,704,1,0,1,0,0,704
3531,9,9,11,12,9-31,948,B-C,U,170,288,10,0,3,8,479,641,1,0,1,0,0,641
3781,15,9,12,12,9-21,1157,B-C,M,178,129,11,1,1,10,330,570,1,0,1,0,0,570
3367,15,9,12,11,9-71,1087,B-C,U,176,155,5,2,3,14,355,635,1,0,1,0,0,635
3257,15,9,11,11,9-27,987,B-C,U,183,256,24,4,1,7,475,710,1,0,1,0,0,710
3406,15,9,12,11,9-53,1103,B-C,U,189,142,9,7,1,18,366,668,1,0,1,0,0,668
3463,9,9,11,11,9-13,1153,B-C,M,213,113,5,1,0,17,349,600,1,0,1,0,0,600
3279,15,9,12,11,9-57,1011,B-C,U,170,241,13,4,3,18,449,640,0,0,1,0,0,640
3414,15,9,12,11,9-52,1106,B-C,U,130,109,8,3,2,8,260,605,1,0,1,0,0,605
