casilla_id,distrito_fed_17,distrito_fed_12,distrito_loc_17,distrito_loc_12,are,seccion,casilla,tipo_seccion,pri_pvem,pan_na,prd,pt,mc,otros,total,ln,tamano_md,tamano_gd,region,casilla_ex,rural,ln_total
4365,12,12,16,15,12-42,347,B-C,NA,159,193,33,8,6,18,417,720,0,1,2,0,0,720
4248,8,8,14,14,8-48,2225,B-C,R,87,295,20,7,5,16,430,733,1,0,2,0,1,733
3046,7,7,10,10,7-39,2475,B-C,U,144,286,8,3,1,9,451,701,1,0,1,0,0,701
6449,10,10,20,21,10-45,2345,B-C,R,102,196,19,3,0,12,332,626,0,0,2,0,1,626
3926,13,8,18,13,8-4,2032,B-C,R,161,130,8,4,11,0,314,450,0,0,1,0,1,450
5092,14,14,9,17,14-58,296,B-C,U,171,207,27,6,3,9,423,629,1,0,2,0,0,629
4236,8,8,14,14,8-42,2219,B-C,U,73,178,12,8,4,13,288,536,1,0,2,0,0,536
6273,10,13,19,21,13-37,701,B-C,R,110,174,11,6,1,9,311,530,1,0,2,0,1,530
6402,10,10,20,21,10-35,2319,B-C,U,128,149,25,4,1,12,319,617,1,0,2,0,0,617
937,3,3,3,4,3-7,1278,B-C,U,195,211,14,5,9,8,442,667,0,1,1,0,0,667
2192,4,4,8,8,4-41,823,B-C,U,176,175,17,7,5,15,395,535,1,0,1,0,0,535
5386,13,11,10,18,11-88,721,B-C,U,172,144,66,3,0,8,393,630,0,0,1,0,0,630
2958,13,7,13,10,7-26,2094,B-C,R,58,29,5,1,1,2,96,165,0,0,1,0,1,165
6730,14,14,22,22,14-100,2734,B-C,U,121,175,14,2,0,9,321,523,0,0,2,0,0,523
4347,8,8,17,14,8-32,2639,B-C,U,85,249,35,3,3,13,388,591,1,0,2,0,0,591
3259,15,9,11,11,9-27,987,B-C,U,176,230,12,8,4,21,451,709,1,0,1,0,0,709
3179,9,7,13,10,7-92,2720,B-C,R,201,171,8,0,0,13,393,673,1,0,1,0,1,673
3139,9,7,13,10,7-68,2685,B-C,U,170,135,12,4,1,9,331,600,1,0,1,0,0,600
170,4,1,1,1,1-84,2381,S,U,120,95,11,2,1,10,239,0,0,0,1,0,0,239
1273,3,3,4,4,3-84,1500,B-C,NA,160,171,9,4,0,8,352,722,0,1,1,0,0,722
6094,10,10,20,20,10-82,2959,B-C,U,135,178,12,40,5,20,390,648,1,0,2,0,0,648
3042,7,7,10,10,7-38,2474,B-C,U,156,266,8,1,2,6,439,608,1,0,1,0,0,608
1726,11,6,6,6,6-70,1593,B-C,U,144,135,5,1,1,30,316,532,1,0,1,0,0,532
1844,11,6,6,6,6-13,1663,B-C,R,121,231,0,0,2,13,367,585,1,0,1,0,1,585
4482,12,13,15,15,13-1,437,B-C,U,126,192,13,3,2,11,347,453,0,0,2,0,0,453
2103,11,6,21,7,6-26,1642,B-C,U,193,174,0,4,0,10,381,708,0,1,1,0,0,708
872,5,5,5,3,5-64,1768,B-C,U,126,137,8,5,1,22,299,542,1,0,1,0,0,542
4441,12,12,15,15,12-54,408,B-C,U,121,202,23,6,3,3,358,498,0,0,2,0,0,498
2626,2,2,9,9,2-30,182,B-C,R,149,225,6,3,2,9,394,703,0,0,2,0,1,703
4473,12,12,15,15,12-54,433,B-C,U,170,234,19,6,2,13,444,615,0,0,2,0,0,615
4167,8,8,14,14,8-85,2148,B-C,U,113,155,16,5,4,5,298,409,0,0,2,0,0,409
97,4,1,1,1,1-103,1905,B-C,R,111,113,34,3,0,21,282,471,0,0,1,0,1,471
6282,10,13,19,21,13-40,706,B-C,R,97,85,2,1,1,7,193,388,0,0,2,0,1,388
4035,8,8,14,13,8-60,2231,B-C,R,107,245,6,4,6,17,385,584,1,0,2,0,1,584
1184,20,3,21,4,3-67,1392,B-C,NA,179,128,17,4,6,17,351,734,0,1,1,0,0,734
6234,10,13,19,21,13-28,686,B-C,U,167,220,24,2,2,9,424,622,1,0,2,0,0,622
683,3,5,3,3,5-11,1681,B-C,U,213,226,17,0,6,16,478,734,0,1,1,0,0,734
6553,14,14,22,22,14-23,100,B-C,R,73,79,41,3,2,9,207,555,1,0,2,0,1,555
3758,9,9,11,12,9-6,1138,B-C,U,131,176,7,2,0,15,331,559,1,0,1,0,0,559
4624,8,8,17,15,8-10,2914,B-C,M,79,236,18,19,3,8,363,539,1,0,2,0,0,539
3212,9,9,11,11,9-29,938,B-C,U,174,186,6,5,2,11,384,565,1,0,1,0,0,565
3759,9,9,11,12,9-6,1138,B-C,U,127,164,8,2,0,19,320,559,1,0,1,0,0,559
1111,3,3,7,4,3-33,1340,B-C,U,161,227,3,1,3,4,399,660,1,0,1,0,0,660
3488,15,9,12,11,9-19,1166,B-C,R,168,167,8,3,3,9,358,567,1,0,1,0,1,567
4262,8,8,14,14,8-88,2240,B-C,R,155,160,8,9,4,11,347,486,0,0,2,0,1,486
2101,11,6,21,7,6-25,1642,B-C,U,179,206,6,6,0,5,402,708,0,1,1,0,0,708
113,4,1,1,1,1-63,2349,B-C,U,175,170,13,24,2,18,402,610,1,0,1,0,0,610
3990,8,8,14,13,8-100,2186,B-C,U,157,201,17,9,9,15,408,653,1,0,2,0,0,653
4612,8,8,17,15,8-18,2908,B-C,M,136,285,20,19,2,5,467,706,1,0,2,0,0,706
5768,13,13,19,19,13-65,2839,B-C,U,45,178,44,1,2,20,290,509,1,0,2,0,0,509
1488,5,5,5,5,5-77,1823,B-C,U,172,173,9,1,3,10,368,651,1,0,1,0,0,651
6349,10,10,20,21,10-24,2288,B-C,U,87,160,13,2,2,23,287,534,1,0,2,0,0,534
2798,1,4,1,9,4-28,808,E,R,146,86,7,2,1,10,252,418,1,0,1,1,1,418
4446,12,12,15,15,12-53,410,B-C,U,123,146,12,2,2,7,292,429,0,0,2,0,0,429
5457,7,11,18,18,11-39,1929,B-C,U,224,222,14,0,1,11,472,673,1,0,1,0,0,673
2979,7,7,10,10,7-58,2446,B-C,R,64,153,8,5,0,14,244,407,0,0,1,0,1,407
4437,12,12,15,15,12-8,393,B-C,U,128,214,21,6,1,11,381,510,1,0,2,0,0,510
3043,7,7,10,10,7-38,2474,B-C,U,153,262,6,3,0,6,430,608,1,0,1,0,0,608
3510,9,9,11,12,9-24,930,B-C,U,178,140,13,2,3,14,350,692,1,0,1,0,0,692
568,1,2,2,2,2-90,2788,B-C,R,35,34,4,1,0,7,81,120,0,0,2,0,1,120
2077,11,6,21,7,6-35,1634,B-C,U,188,239,9,3,3,5,447,749,0,1,1,0,0,749
3981,8,8,14,13,8-92,2184,B-C,U,157,168,27,9,7,17,385,648,1,0,2,0,0,648
4294,8,8,17,14,8-30,2620,S,U,59,98,12,2,2,6,179,0,1,0,2,0,0,179
4451,12,12,15,15,12-51,412,B-C,U,143,244,34,6,9,11,447,693,0,1,2,0,0,693
3839,13,11,18,13,11-79,16,B-C,R,125,145,17,8,2,28,325,548,1,0,1,0,1,548
651,6,5,7,3,5-30,1402,B-C,U,112,150,10,1,1,11,285,402,0,0,1,0,0,402
5555,7,11,18,18,11-7,1982,B-C,R,80,170,23,17,2,12,304,722,1,0,1,0,1,722
4067,8,8,14,13,8-63,2246,B-C,U,106,138,15,2,3,5,269,595,1,0,2,0,0,595
3616,15,4,12,12,4-94,1000,B-C,U,174,209,16,4,3,5,411,733,1,0,1,0,0,733
882,5,5,7,3,5-35,1772,B-C,U,111,144,6,2,2,7,272,416,0,0,1,0,0,416
3454,9,9,11,11,9-9,1150,B-C,U,161,245,12,5,2,11,436,570,1,0,1,0,0,570
3519,9,4,11,12,4-88,932,B-C,U,168,312,19,2,5,10,516,670,1,0,1,0,0,670
6690,14,14,22,22,14-88,1233,B-C,R,85,81,79,4,5,36,290,693,0,0,2,0,1,693
115,4,1,1,1,1-65,2350,B-C,M,168,212,6,18,2,15,421,644,1,0,1,0,0,644
1442,5,5,5,5,5-67,1797,B-C,U,170,175,7,4,2,11,369,549,1,0,1,0,0,549
3285,15,9,12,11,9-58,1019,B-C,U,117,158,20,1,1,8,305,439,0,0,1,0,0,439
419,1,1,2,2,1-43,2546,B-C,U,182,131,16,4,9,12,354,546,1,0,2,0,0,546
5888,13,13,19,19,13-94,2882,B-C,U,34,105,99,2,1,17,258,524,1,0,2,0,0,524
5166,2,2,17,17,2-49,609,B-C,U,87,223,15,3,4,13,345,579,1,0,2,0,0,579
80,4,1,1,1,1-100,1895,B-C,U,177,199,22,2,2,11,413,627,1,0,1,0,0,627
2188,11,6,6,7,6-1,1670,B-C,U,225,81,5,1,0,14,326,572,1,0,1,0,0,572
4412,12,12,15,15,12-48,377,B-C,U,130,188,16,9,2,7,352,498,0,0,2,0,0,498
4274,8,8,17,14,8-21,2612,B-C,U,119,272,6,3,3,6,409,635,1,0,2,0,0,635
3251,15,9,11,11,9-43,973,B-C,U,191,199,10,1,3,15,419,744,1,0,1,0,0,744
3832,13,11,18,13,11-63,11,B-C,U,186,255,11,2,6,7,467,681,1,0,1,0,0,681
4122,8,8,14,14,8-79,2118,B-C,U,134,111,10,15,3,4,277,383,0,0,2,0,0,383
4047,8,8,14,13,8-53,2237,B-C,R,141,195,13,6,0,11,366,653,0,0,2,0,1,653
5949,10,10,20,20,10-10,1877,B-C,U,66,205,19,2,4,16,312,476,0,0,2,0,0,476
1446,5,5,7,5,5-35,1800,B-C,U,153,144,11,2,2,5,317,498,0,0,1,0,0,498
2715,2,2,9,9,2-45,235,B-C,R,79,121,8,10,1,17,236,397,0,0,2,0,1,397
2151,11,6,21,7,6-22,1647,B-C,U,182,166,9,0,2,13,372,737,0,1,1,0,0,737
6022,10,10,20,20,10-67,2797,B-C,U,138,150,9,4,0,13,314,508,1,0,2,0,0,508
2339,4,4,8,8,4-48,891,B-C,R,62,94,21,5,0,6,188,301,0,0,1,0,1,301
6563,14,14,22,22,14-21,106,B-C,R,50,85,63,2,0,18,218,436,0,0,2,0,1,436
844,5,5,5,3,5-62,1753,B-C,U,114,198,6,4,3,4,329,530,1,0,1,0,0,530
4133,8,8,14,14,8-80,2123,B-C,U,155,158,15,12,3,6,349,451,0,0,2,0,0,451
2981,7,7,10,10,7-32,2447,B-C,U,158,290,5,3,0,7,463,656,1,0,1,0,0,656
5583,7,11,18,18,11-6,1996,B-C,R,65,143,50,23,3,24,308,702,1,0,1,0,1,702
471,1,1,2,2,1-38,2571,B-C,R,59,119,25,23,4,17,247,589,0,0,2,0,1,589
131,4,1,1,1,1-59,2359,B-C,R,106,219,4,8,2,8,347,611,1,0,1,0,1,611
3127,9,7,13,10,7-66,2676,B-C,U,158,196,8,3,0,14,379,621,1,0,1,0,0,621
231,4,1,1,1,1-79,2412,B-C,R,90,54,41,6,0,15,206,424,0,0,1,0,1,424
4551,2,12,16,15,12-62,508,B-C,R,102,143,6,1,0,8,260,403,0,0,2,0,1,403
2539,2,2,9,9,2-4,145,B-C,M,176,159,20,4,7,25,391,682,1,0,2,0,0,682
4282,8,8,17,14,8-25,2614,B-C,U,163,260,11,4,2,0,440,636,1,0,2,0,0,636
3009,7,7,10,10,7-36,2460,B-C,U,122,190,5,0,1,5,323,466,0,0,1,0,0,466
62,1,4,1,1,4-25,797,E,R,98,194,9,1,0,24,326,571,1,0,1,1,1,571
2713,2,2,9,9,2-43,234,B-C,R,64,93,0,0,0,8,165,220,0,0,2,0,1,220
3999,8,8,14,13,8-101,2190,B-C,U,169,180,9,8,2,14,382,699,1,0,2,0,0,699
4515,12,13,15,15,13-8,479,B-C,U,153,114,19,4,5,13,308,608,1,0,2,0,0,608
2868,7,7,10,10,7-8,2044,B-C,M,85,274,3,1,2,15,380,643,1,0,1,0,0,643
600,1,1,2,2,1-12,2936,B-C,M,75,157,9,0,0,5,246,307,0,0,2,0,0,307
643,3,5,3,3,5-15,1282,S,U,22,44,0,0,1,3,70,0,0,1,1,0,0,70
304,1,2,2,2,2-94,742,B-C,R,145,192,9,1,13,33,393,587,1,0,2,0,1,587
1118,6,3,4,4,3-29,1343,B-C,U,173,164,10,3,1,7,358,539,1,0,1,0,0,539
3686,15,9,12,12,9-82,1070,B-C,U,178,117,4,1,3,12,315,555,1,0,1,0,0,555
878,5,5,5,3,5-63,1770,B-C,U,145,166,2,3,1,11,328,539,1,0,1,0,0,539
5200,2,2,17,17,2-68,622,B-C,M,52,164,17,3,5,16,257,475,0,0,2,0,0,475
3385,15,9,12,11,9-51,1098,B-C,U,169,56,11,2,0,1,239,584,1,0,1,0,0,584
4841,12,12,15,16,12-13,460,B-C,U,143,194,36,7,9,15,404,630,1,0,2,0,0,630
255,4,1,1,1,1-82,2424,B-C,R,80,109,3,1,1,14,208,433,0,0,1,0,1,433
5035,14,14,22,17,14-47,268,B-C,R,98,144,10,3,38,28,321,736,0,0,2,0,1,736
215,4,1,1,1,1-72,2402,B-C,R,123,152,5,2,0,18,300,496,0,0,1,0,1,496
4774,12,12,16,16,12-4,397,B-C,U,242,251,15,3,6,15,532,714,0,0,2,0,0,714
1661,5,6,6,6,6-68,1548,B-C,U,165,255,5,1,2,16,444,593,1,0,1,0,0,593
5751,13,13,19,19,13-62,2831,B-C,U,85,244,75,2,2,27,435,730,1,0,2,0,0,730
2593,2,2,9,9,2-14,168,B-C,U,135,180,23,4,7,20,369,561,1,0,2,0,0,561
2761,1,4,8,9,4-8,772,B-C,U,153,152,5,3,0,11,324,644,1,0,1,0,0,644
1396,6,6,7,5,6-63,1521,B-C,U,160,218,13,4,3,8,406,529,0,0,1,0,0,529
84,4,1,1,1,1-101,1897,B-C,U,173,255,28,0,0,5,461,618,1,0,1,0,0,618
5333,7,11,10,18,11-96,575,B-C,M,197,187,10,11,0,0,405,615,1,0,1,0,0,615
125,4,1,1,1,1-64,2356,B-C,M,134,191,5,29,0,14,373,610,1,0,1,0,0,610
5215,2,2,17,17,2-52,630,B-C,R,71,220,23,3,2,9,328,702,1,0,2,0,1,702
877,5,5,5,3,5-63,1770,B-C,U,154,143,8,3,0,4,312,539,1,0,1,0,0,539
5426,7,11,18,18,11-41,1915,B-C,U,198,216,8,9,0,6,437,688,1,0,1,0,0,688
2281,4,4,8,8,4-59,868,B-C,U,190,170,31,7,3,14,415,631,0,0,1,0,0,631
2778,1,4,1,9,4-16,790,B-C,R,74,229,14,11,1,22,351,592,1,0,1,0,1,592
1976,6,3,7,7,3-59,1440,B-C,U,145,176,10,2,2,7,342,464,0,0,1,0,0,464
3337,15,9,12,11,9-65,1069,B-C,U,143,105,15,1,1,7,272,509,1,0,1,0,0,509
1229,3,3,4,4,3-78,1496,B-C,NA,136,141,5,1,1,6,290,746,0,1,1,0,0,746
4568,12,12,16,15,12-59,526,B-C,M,152,282,14,7,2,15,472,733,1,0,2,0,0,733
1643,6,6,6,6,6-61,1538,B-C,U,144,213,10,2,1,11,381,612,1,0,1,0,0,612
1933,6,3,7,7,3-58,1409,B-C,U,168,186,8,3,1,9,375,607,1,0,1,0,0,607
1277,6,3,4,4,3-86,1504,B-C,M,172,111,6,0,0,17,306,634,1,0,1,0,0,634
2272,4,4,8,8,4-57,864,B-C,U,121,96,19,4,4,11,255,426,0,0,1,0,0,426
4634,8,8,17,15,8-13,2918,B-C,U,149,266,26,20,2,26,489,742,1,0,2,0,0,742
5736,13,13,19,19,13-59,2825,B-C,U,63,179,44,3,3,13,305,508,1,0,2,0,0,508
3531,9,9,11,12,9-31,948,B-C,U,170,288,10,0,3,8,479,641,1,0,1,0,0,641
1247,3,3,4,4,3-79,1496,B-C,NA,145,131,3,2,0,7,288,746,0,1,1,0,0,746
5922,10,10,20,20,10-2,1864,B-C,U,167,208,27,6,6,17,431,697,1,0,2,0,0,697
3083,7,7,10,10,7-51,2486,B-C,R,187,206,6,2,0,10,411,732,1,0,1,0,1,732
483,1,1,2,2,1-41,2578,E,R,19,38,2,1,0,3,63,160,0,0,2,1,1,160
2728,1,4,1,9,4-7,760,B-C,U,164,207,11,2,1,10,395,717,1,0,1,0,0,717
4726,12,12,16,16,12-36,346,B-C,U,109,153,21,3,6,7,299,501,1,0,2,0,0,501
1138,3,3,7,4,3-35,1354,B-C,U,139,238,4,3,1,13,398,644,1,0,1,0,0,644
5268,14,10,15,17,10-49,2747,B-C,U,109,198,20,3,1,12,343,517,1,0,2,0,0,517
2086,11,6,21,7,6-35,1634,B-C,U,216,217,12,3,2,16,466,749,0,1,1,0,0,749
5279,14,10,15,17,10-52,2753,B-C,U,73,131,39,2,5,17,267,429,0,0,2,0,0,429
2178,11,6,6,7,6-3,1667,B-C,U,276,89,3,1,2,14,385,579,1,0,1,0,0,579
3849,13,11,18,13,11-77,20,B-C,R,209,104,16,5,2,17,353,613,1,0,1,0,1,613
3284,15,9,12,11,9-59,1018,B-C,U,187,214,13,6,1,15,436,715,0,0,1,0,0,715
5550,7,11,18,18,11-14,1980,B-C,R,137,176,5,3,1,19,341,581,0,0,1,0,1,581
3406,15,9,12,11,9-53,1103,B-C,U,189,142,9,7,1,18,366,668,1,0,1,0,0,668
1871,6,3,7,7,3-41,1366,B-C,U,136,171,2,2,1,6,318,585,1,0,1,0,0,585
2258,4,4,8,8,4-53,855,B-C,U,180,133,19,6,2,11,351,552,1,0,1,0,0,552
2837,7,7,10,10,7-1,2036,B-C,U,115,236,6,0,1,9,367,666,0,1,1,0,0,666
455,1,1,2,2,1-50,2559,B-C,U,162,165,19,7,5,13,371,684,1,0,2,0,0,684
1285,6,3,4,4,3-88,1508,B-C,R,307,71,3,1,0,6,388,666,1,0,1,0,1,666
2828,7,7,10,10,7-3,2034,B-C,U,144,323,5,1,0,14,487,720,1,0,1,0,0,720
607,1,1,2,2,1-9,2940,E,R,102,184,3,0,0,8,297,398,0,0,2,1,1,398
5821,13,13,19,19,13-78,2859,B-C,R,46,116,63,1,1,187,414,415,0,0,2,0,1,415
21,1,4,1,1,4-4,759,B-C,U,201,211,12,2,4,9,439,709,1,0,1,0,0,709
1301,5,5,7,5,5-30,1426,B-C,U,169,125,9,7,7,7,324,503,0,0,1,0,0,503
5789,13,13,19,19,13-69,2846,B-C,U,38,104,114,1,4,22,283,535,1,0,2,0,0,535
5232,2,2,17,17,2-67,638,B-C,R,100,200,15,15,3,21,354,609,1,0,2,0,1,609
3279,15,9,12,11,9-57,1011,B-C,U,170,241,13,4,3,18,449,640,0,0,1,0,0,640
2062,6,6,4,7,6-28,1632,B-C,NA,177,189,17,3,3,9,398,743,0,1,1,0,0,743
910,3,3,3,4,3-1,1266,B-C,U,236,160,8,2,1,23,430,746,1,0,1,0,0,746
6365,10,10,20,21,10-28,2297,B-C,U,119,215,11,2,0,22,369,694,1,0,2,0,0,694
627,3,5,3,3,5-1,1269,B-C,M,213,121,7,5,2,7,355,630,1,0,1,0,0,630
3076,7,7,10,10,7-47,2483,B-C,R,193,117,1,0,1,13,325,530,1,0,1,0,1,530
5915,10,10,20,20,10-1,1860,B-C,U,92,181,34,2,6,10,325,554,1,0,2,0,0,554
1024,3,3,4,4,3-21,1306,B-C,U,221,202,9,1,1,7,441,709,1,0,1,0,0,709
662,3,5,3,3,5-6,1675,B-C,U,182,260,12,8,3,16,481,715,1,0,1,0,0,715
6298,10,13,19,21,13-42,716,B-C,R,82,176,11,0,0,15,284,537,1,0,2,0,1,537
490,1,1,2,2,1-41,2582,B-C,R,102,168,14,4,3,21,312,645,1,0,2,0,1,645
3742,9,4,11,12,4-102,1128,B-C,M,88,153,6,10,1,9,267,482,0,0,1,0,0,482
664,3,5,3,3,5-6,1675,B-C,U,204,223,24,3,3,11,468,715,1,0,1,0,0,715
4828,12,12,15,16,12-9,453,B-C,U,156,137,12,4,3,7,319,504,1,0,2,0,0,504
2574,2,2,9,9,2-17,158,B-C,U,125,148,12,4,5,9,303,530,1,0,2,0,0,530
1497,5,5,5,5,5-71,1827,B-C,U,189,222,22,6,6,17,462,641,1,0,1,0,0,641
804,5,5,7,3,5-36,1736,B-C,U,142,121,9,5,0,7,284,416,0,0,1,0,0,416
3128,9,7,13,10,7-66,2677,B-C,U,123,110,9,0,2,9,253,522,1,0,1,0,0,522
5275,14,10,15,17,10-51,2751,B-C,M,98,126,35,3,2,10,274,484,0,0,2,0,0,484
1443,5,5,7,5,5-39,1798,B-C,U,169,245,9,0,3,10,436,690,0,0,1,0,0,690
3366,15,9,12,11,9-71,1087,B-C,U,182,134,15,9,0,10,350,636,1,0,1,0,0,636
5979,10,10,20,20,10-12,1891,B-C,R,52,126,25,3,0,16,222,441,0,0,2,0,1,441
5719,13,13,19,19,13-56,2817,B-C,M,45,237,76,7,4,42,411,644,1,0,2,0,0,644
4259,8,8,14,14,8-51,2230,B-C,U,122,220,10,2,2,10,366,671,1,0,2,0,0,671
5493,7,11,18,18,11-35,1952,B-C,R,76,144,3,2,0,6,231,393,0,0,1,0,1,393
4161,8,8,14,14,8-83,2145,B-C,U,156,163,18,12,5,10,364,568,0,0,2,0,0,568
694,3,5,3,3,5-9,1685,B-C,U,169,188,10,6,0,15,388,608,0,0,1,0,0,608
1881,3,3,7,7,3-45,1371,B-C,U,96,149,5,1,0,8,259,387,0,0,1,0,0,387
1188,20,3,21,4,3-68,1392,B-C,NA,214,226,25,5,3,14,487,734,0,1,1,0,0,734
3603,15,9,12,12,9-41,991,B-C,U,105,111,11,0,3,5,235,383,0,0,1,0,0,383
6061,10,10,20,20,10-74,2810,B-C,R,142,103,3,0,0,8,256,410,1,0,2,0,1,410
5830,13,13,19,19,13-77,2862,B-C,R,48,198,125,3,3,29,406,685,1,0,2,0,1,685
4738,12,12,16,16,12-24,354,B-C,U,116,98,16,1,3,0,234,416,0,0,2,0,0,416
1680,11,6,21,6,6-43,1559,B-C,U,182,230,20,1,2,8,443,669,1,0,1,0,0,669
5815,13,13,19,19,13-77,2856,B-C,R,60,195,117,1,4,18,395,638,1,0,2,0,1,638
5312,14,10,15,17,10-60,2774,B-C,U,67,115,8,0,3,11,204,377,0,0,2,0,0,377
3781,15,9,12,12,9-21,1157,B-C,M,178,129,11,1,1,10,330,570,1,0,1,0,0,570
1163,6,3,4,4,3-54,1391,B-C,U,155,261,7,4,3,10,440,642,1,0,1,0,0,642
5941,10,10,20,20,10-7,1873,B-C,U,56,164,25,6,2,66,319,664,1,0,2,0,0,664
2605,2,2,9,9,2-18,173,B-C,U,161,210,14,4,3,14,406,610,1,0,2,0,0,610
4599,12,13,15,15,13-16,541,B-C,R,69,252,14,3,0,9,347,570,1,0,2,0,1,570
6019,10,10,20,20,10-66,2795,B-C,U,198,152,9,4,0,5,368,748,1,0,2,0,0,748
1979,6,3,7,7,3-60,1443,B-C,U,158,163,0,0,0,8,329,493,0,0,1,0,0,493
5620,7,11,18,18,11-24,2017,B-C,R,128,65,4,0,0,11,208,523,1,0,1,0,1,523
4508,12,13,15,15,13-6,477,B-C,U,139,162,26,4,3,14,348,597,1,0,2,0,0,597
605,1,1,2,2,1-6,2939,B-C,R,104,128,3,0,0,3,238,313,0,0,2,0,1,313
4190,8,8,14,14,8-87,2169,B-C,U,150,116,14,3,6,11,300,537,1,0,2,0,0,537
6424,10,10,20,21,10-38,2330,B-C,U,147,154,12,6,1,13,333,585,1,0,2,0,0,585
2480,9,7,13,8,7-76,2692,B-C,R,166,145,18,1,3,11,344,642,1,0,1,0,1,642
5833,13,13,19,19,13-82,2863,E,M,50,150,140,3,1,20,364,675,1,0,2,1,0,675
6334,10,10,20,21,10-20,2280,B-C,U,82,122,22,2,3,7,238,377,0,0,2,0,0,377
5274,14,10,15,17,10-50,2750,B-C,U,97,174,30,1,3,14,319,520,1,0,2,0,0,520
6249,10,13,19,21,13-33,691,B-C,U,92,161,21,3,1,12,290,574,1,0,2,0,0,574
6141,10,10,20,20,10-91,2986,B-C,R,153,83,8,2,0,12,258,544,1,0,2,0,1,544
2301,4,4,8,8,4-63,876,B-C,M,142,145,44,6,3,11,351,650,1,0,1,0,0,650
1529,5,6,6,5,6-79,1843,B-C,U,196,203,14,3,3,9,428,679,0,0,1,0,0,679
6489,14,14,22,22,14-7,69,B-C,U,139,212,33,9,10,20,423,649,0,0,2,0,0,649
6601,14,14,22,22,14-15,127,B-C,R,34,56,81,8,1,24,204,454,0,0,2,0,1,454
4798,12,12,16,16,12-6,422,B-C,U,190,182,21,3,2,20,418,596,1,0,2,0,0,596
4301,8,8,17,14,8-29,2623,B-C,U,71,199,11,10,4,17,312,535,1,0,2,0,0,535
4952,12,12,15,16,12-78,547,B-C,R,152,281,15,5,1,16,470,693,1,0,2,0,1,693
2939,13,7,13,10,7-25,2079,B-C,R,59,64,132,0,1,12,268,506,1,0,1,0,1,506
66,1,4,8,1,4-32,800,B-C,R,56,90,14,5,1,17,183,404,0,0,1,0,1,404
5876,13,13,19,19,13-84,2877,B-C,R,73,157,78,4,4,7,323,530,1,0,2,0,1,530
6353,10,10,20,21,10-24,2289,B-C,U,84,173,17,4,2,12,292,503,1,0,2,0,0,503
82,4,1,1,1,1-101,1896,B-C,M,135,206,18,0,1,13,373,560,1,0,1,0,0,560
4527,12,13,15,15,13-11,486,B-C,U,133,99,15,5,6,12,270,552,1,0,2,0,0,552
2253,4,4,8,8,4-52,853,B-C,U,196,82,18,6,6,12,320,679,1,0,1,0,0,679
5937,10,10,20,20,10-6,1871,B-C,U,68,155,19,1,9,14,266,438,0,0,2,0,0,438
1633,6,6,7,6,6-57,1529,B-C,U,147,184,15,3,0,22,371,480,0,0,1,0,0,480
4765,12,12,16,16,12-4,389,B-C,U,143,146,5,3,1,8,306,402,0,0,2,0,0,402
303,1,2,2,2,2-93,741,B-C,M,156,272,17,2,17,21,485,669,1,0,2,0,0,669
4142,8,8,14,14,8-82,2129,B-C,U,177,175,28,11,14,19,424,627,1,0,2,0,0,627
3811,13,11,18,13,11-65,4,B-C,U,150,210,9,3,1,8,381,528,1,0,1,0,0,528
2585,2,2,9,9,2-9,164,B-C,U,175,155,14,6,5,11,366,634,1,0,2,0,0,634
4974,12,12,15,16,12-82,558,B-C,U,97,173,8,1,1,5,285,517,1,0,2,0,0,517
4026,8,8,14,13,8-99,2197,B-C,U,134,233,13,3,5,13,401,693,1,0,2,0,0,693
5757,13,13,19,19,13-58,2834,B-C,U,79,198,31,3,7,15,333,513,1,0,2,0,0,513
3600,15,9,12,12,9-42,989,B-C,U,96,158,10,1,3,7,275,417,0,0,1,0,0,417
1540,5,5,5,5,5-70,1847,B-C,U,192,256,12,3,6,7,476,734,1,0,1,0,0,734
1802,5,6,6,6,6-83,1627,B-C,U,168,167,10,4,1,10,360,677,1,0,1,0,0,677
3733,9,4,11,12,4-101,1121,B-C,R,145,204,8,4,1,9,371,680,1,0,1,0,1,680
2127,11,6,6,7,6-18,1644,B-C,U,183,143,5,4,1,10,346,724,1,0,1,0,0,724
3133,9,7,13,10,7-67,2678,B-C,U,108,159,7,4,1,4,283,604,1,0,1,0,0,604
5819,13,13,19,19,13-78,2858,B-C,R,29,95,45,5,2,13,189,436,0,0,2,0,1,436
5242,2,2,17,17,2-67,642,B-C,R,82,123,17,9,0,23,254,453,0,0,2,0,1,453
2348,4,4,8,8,4-77,896,B-C,M,202,149,18,4,1,18,392,660,1,0,1,0,0,660
3241,15,9,11,11,9-33,960,B-C,U,199,224,10,3,1,11,448,702,1,0,1,0,0,702
6311,10,10,20,21,10-17,2268,B-C,U,242,268,24,10,3,11,558,638,1,0,2,0,0,638
4862,12,12,15,16,12-15,472,B-C,U,123,115,22,1,6,19,286,587,1,0,2,0,0,587
3783,15,4,12,12,4-109,1159,B-C,R,156,245,5,4,2,9,421,663,1,0,1,0,1,663
4374,12,12,16,15,12-44,347,B-C,NA,164,215,29,3,9,13,433,721,0,1,2,0,0,721
2973,13,7,13,10,7-28,2104,B-C,R,34,79,32,0,1,10,156,199,0,0,1,0,1,199
4651,8,8,17,15,8-8,2925,B-C,R,105,249,34,4,1,21,414,635,1,0,2,0,1,635
5120,14,14,9,17,14-61,310,B-C,R,152,82,10,4,6,16,270,536,1,0,2,0,1,536
1539,5,5,5,5,5-70,1847,B-C,U,226,204,8,4,6,9,457,735,1,0,1,0,0,735
278,4,1,1,1,1-91,2439,B-C,R,106,205,6,2,3,8,330,531,1,0,1,0,1,531
5865,13,13,19,19,13-89,2874,B-C,R,49,155,94,21,3,38,360,655,1,0,2,0,1,655
3262,15,9,11,11,9-27,987,B-C,U,174,243,18,3,5,12,455,709,1,0,1,0,0,709
3942,8,8,14,13,8-74,2153,B-C,U,225,206,21,19,1,0,472,748,0,0,2,0,0,748
5023,14,14,22,17,14-43,261,B-C,R,113,148,30,6,18,17,332,688,1,0,2,0,1,688
245,4,1,1,1,1-76,2419,B-C,R,120,83,15,4,1,21,244,522,0,0,1,0,1,522
2279,4,4,8,8,4-56,867,B-C,U,211,178,21,11,6,17,444,591,1,0,1,0,0,591
1741,11,6,6,6,6-76,1601,B-C,U,164,171,14,2,1,5,357,594,1,0,1,0,0,594
3178,9,7,13,10,7-90,2719,B-C,M,155,137,15,3,2,6,318,622,1,0,1,0,0,622
3060,7,7,10,10,7-45,2477,B-C,U,145,244,7,3,2,6,407,702,0,1,1,0,0,702
1751,11,6,6,6,6-74,1605,B-C,U,183,135,7,7,0,7,339,568,1,0,1,0,0,568
5179,2,2,17,17,2-54,613,B-C,U,122,230,10,4,4,18,388,629,1,0,2,0,0,629
2156,11,6,6,7,6-10,1652,B-C,R,241,127,7,5,1,13,394,688,1,0,1,0,1,688
553,1,2,2,2,2-88,2779,B-C,M,72,257,43,5,1,14,392,514,1,0,2,0,0,514
1515,5,5,5,5,5-71,1836,B-C,U,144,114,10,0,0,14,282,493,0,0,1,0,0,493
3623,15,9,12,12,9-60,1003,B-C,U,130,166,4,4,6,16,326,491,0,0,1,0,0,491
3840,13,11,18,13,11-79,16,B-C,R,131,140,16,1,0,18,306,548,1,0,1,0,1,548
962,3,3,4,4,3-17,1284,B-C,U,189,170,7,5,2,14,387,669,0,1,1,0,0,669
2582,2,2,9,9,2-10,163,B-C,U,108,106,5,4,1,15,239,377,0,0,2,0,0,377
6448,10,10,20,21,10-45,2344,B-C,R,78,103,18,10,2,6,217,510,0,0,2,0,1,510
5254,2,2,17,17,2-60,649,B-C,U,91,227,37,8,3,22,388,568,1,0,2,0,0,568
3234,15,9,11,11,9-34,958,B-C,U,195,133,13,4,3,16,364,717,1,0,1,0,0,717
5136,14,14,9,17,14-68,317,B-C,R,96,131,12,1,2,6,248,385,0,0,2,0,1,385
3878,13,11,18,13,11-70,34,B-C,R,111,158,8,3,3,19,302,558,1,0,1,0,1,558
2320,4,4,8,8,4-63,879,B-C,U,197,197,27,6,6,23,456,617,1,0,1,0,0,617
1130,6,3,7,4,3-37,1350,B-C,U,155,169,12,4,0,14,354,616,1,0,1,0,0,616
4044,8,8,14,13,8-103,2235,B-C,R,84,205,16,2,0,8,315,573,0,0,2,0,1,573
1036,6,3,4,4,3-22,1309,B-C,U,173,140,9,3,0,8,333,612,1,0,1,0,0,612
5196,2,2,17,17,2-63,620,B-C,M,104,177,5,2,3,9,300,518,1,0,2,0,0,518
1479,5,5,6,5,5-43,1816,B-C,U,121,210,7,4,0,10,352,472,0,0,1,0,0,472
1968,6,3,21,7,3-63,1437,B-C,U,197,259,13,7,0,15,491,658,1,0,1,0,0,658
2199,4,4,8,8,4-43,827,B-C,U,196,121,26,8,0,7,358,627,1,0,1,0,0,627
1092,6,3,7,4,3-39,1333,B-C,U,172,132,8,1,1,10,324,621,1,0,1,0,0,621
1072,6,3,7,4,3-30,1323,B-C,U,170,142,4,1,4,7,328,638,1,0,1,0,0,638
3353,15,9,11,11,9-25,1078,B-C,U,190,190,10,1,2,13,406,722,0,1,1,0,0,722
3302,15,9,12,11,9-47,1038,B-C,U,181,194,12,3,3,10,403,698,1,0,1,0,0,698
3902,13,11,18,13,11-57,46,B-C,R,63,147,16,4,0,7,237,410,0,0,1,0,1,410
69,1,4,8,1,4-31,801,E,R,110,74,4,0,1,11,200,369,1,0,1,1,1,369
2606,2,2,9,9,2-18,173,B-C,U,154,171,7,3,6,18,359,610,1,0,2,0,0,610
4876,2,12,16,16,12-61,494,B-C,R,112,132,1,1,9,0,255,480,0,0,2,0,1,480
1077,3,3,7,4,3-31,1325,B-C,U,174,150,5,2,2,16,349,604,1,0,1,0,0,604
4081,8,8,14,13,8-54,2253,B-C,R,74,219,12,1,0,3,309,519,1,0,2,0,1,519
741,3,5,3,3,5-20,1705,B-C,U,160,206,9,0,0,9,384,513,1,0,1,0,0,513
415,1,1,2,2,1-43,2545,B-C,U,160,144,15,12,7,20,358,636,1,0,2,0,0,636
1755,11,6,6,6,6-72,1608,B-C,U,165,164,3,5,0,2,339,546,1,0,1,0,0,546
297,1,1,2,2,1-5,335,B-C,R,230,156,1,0,1,0,388,489,0,0,2,0,1,489
545,1,1,2,2,1-19,2605,B-C,R,287,157,1,0,0,8,453,661,0,0,2,0,1,661
4627,8,8,17,15,8-10,2915,B-C,U,121,211,14,6,2,6,360,501,1,0,2,0,0,501
4118,8,8,14,14,8-80,2116,B-C,U,221,157,23,15,7,14,437,608,0,0,2,0,0,608
6666,14,14,22,22,14-84,1216,B-C,R,69,78,10,0,1,9,167,468,0,0,2,0,1,468
644,3,5,3,3,5-18,1290,B-C,U,139,171,5,3,3,5,326,488,0,0,1,0,0,488
2137,11,6,6,7,6-19,1646,B-C,U,171,155,5,3,0,11,345,643,1,0,1,0,0,643
2118,11,6,21,7,6-23,1643,B-C,U,181,165,15,10,1,10,382,695,0,1,1,0,0,695
5852,13,13,19,19,13-86,2870,E,R,103,197,116,3,2,21,442,718,1,0,2,1,1,718
6536,14,14,22,22,14-16,91,B-C,R,34,93,67,3,0,14,211,495,0,0,2,0,1,495
5012,14,14,22,17,14-41,256,B-C,U,132,154,13,3,103,31,436,743,1,0,2,0,0,743
3858,13,11,18,13,11-74,24,B-C,U,145,211,14,7,3,27,407,557,1,0,1,0,0,557
6229,10,13,19,21,13-30,684,B-C,U,158,198,26,3,2,14,401,630,1,0,2,0,0,630
5992,10,10,20,20,10-46,2649,B-C,R,142,194,5,1,0,7,349,468,0,0,2,0,1,468
6377,10,10,20,21,10-29,2305,B-C,R,84,169,24,3,1,22,303,488,0,0,2,0,1,488
3330,15,9,12,11,9-65,1065,B-C,U,144,125,5,0,1,12,287,535,1,0,1,0,0,535
5696,13,13,19,19,13-51,1193,B-C,R,50,178,9,2,5,6,250,474,0,0,2,0,1,474
2375,4,4,8,8,4-83,907,B-C,R,150,160,4,2,1,12,329,605,1,0,1,0,1,605
1431,5,5,5,5,5-68,1794,B-C,U,188,206,15,2,3,9,423,701,0,1,1,0,0,701
1108,3,3,7,4,3-32,1338,B-C,U,95,124,5,4,2,9,239,406,0,0,1,0,0,406
4433,12,12,15,15,12-8,387,B-C,U,185,202,28,9,1,14,439,716,1,0,2,0,0,716
5508,7,11,18,18,11-34,1961,B-C,R,235,197,13,2,1,9,457,666,0,0,1,0,1,666
590,1,1,2,2,1-28,2903,B-C,R,159,151,50,3,3,17,383,541,1,0,2,0,1,541
6609,14,14,22,22,14-32,132,B-C,R,83,53,48,12,3,25,224,459,0,0,2,0,1,459
1099,6,3,7,4,3-40,1335,B-C,U,169,146,1,4,2,8,330,572,1,0,1,0,0,572
3414,15,9,12,11,9-52,1106,B-C,U,130,109,8,3,2,8,260,605,1,0,1,0,0,605
5018,14,14,22,17,14-40,258,B-C,M,106,149,10,3,139,36,443,654,1,0,2,0,0,654
3931,8,8,14,13,8-68,2133,B-C,U,151,191,23,17,3,8,393,509,1,0,2,0,0,509
6033,10,10,20,20,10-69,2801,B-C,U,149,244,19,1,2,16,431,671,1,0,2,0,0,671
502,1,1,2,2,1-36,2587,B-C,U,110,126,13,11,4,30,294,637,1,0,2,0,0,637
6271,10,13,19,21,13-27,700,B-C,M,93,122,16,1,1,9,242,401,0,0,2,0,0,401
5074,14,14,9,17,14-54,290,B-C,U,128,159,33,5,3,10,338,543,1,0,2,0,0,543
2491,9,7,13,8,7-79,2699,B-C,R,139,143,7,4,3,6,302,497,1,0,1,0,1,497
2827,7,7,10,10,7-3,2034,B-C,U,141,311,7,3,1,6,469,720,1,0,1,0,0,720
4984,14,14,22,17,14-36,244,B-C,U,99,120,22,25,135,33,434,737,1,0,2,0,0,737
4714,12,12,16,16,12-22,343,B-C,U,165,210,42,7,6,15,445,746,0,1,2,0,0,746
3257,15,9,11,11,9-27,987,B-C,U,183,256,24,4,1,7,475,710,1,0,1,0,0,710
2114,11,6,21,7,6-25,1642,B-C,U,157,190,5,1,0,25,378,708,0,1,1,0,0,708
5940,10,10,20,20,10-6,1872,B-C,U,88,219,50,3,5,21,386,680,1,0,2,0,0,680
4736,12,12,16,16,12-26,353,B-C,U,189,126,13,2,3,9,342,656,1,0,2,0,0,656
5897,13,13,19,19,13-96,2885,B-C,R,42,87,125,1,1,12,268,509,1,0,2,0,1,509
6593,14,14,22,22,14-29,122,B-C,R,77,66,36,4,0,0,183,377,0,0,2,0,1,377
2527,2,2,9,9,2-1,141,B-C,M,142,173,25,9,4,15,368,632,1,0,2,0,0,632
5104,14,14,9,17,14-60,302,B-C,U,126,140,29,1,0,19,315,699,1,0,2,0,0,699
2936,13,7,13,10,7-21,2077,B-C,R,74,36,22,2,0,14,148,226,0,0,1,0,1,226
6174,10,10,20,20,10-96,3003,B-C,R,52,137,3,3,0,5,200,436,0,0,2,0,1,436
3266,15,9,12,11,9-61,994,B-C,U,158,116,13,5,3,15,310,581,1,0,1,0,0,581
3390,15,9,11,11,9-48,1099,B-C,U,173,172,8,5,4,10,372,684,0,1,1,0,0,684
1602,5,5,5,5,5-81,3023,B-C,U,144,103,2,4,0,0,253,460,0,0,1,0,0,460
1167,20,3,21,4,3-67,1392,B-C,NA,198,221,12,4,1,17,453,734,0,1,1,0,0,734
935,3,3,4,4,3-5,1277,B-C,U,250,174,12,2,2,10,450,730,1,0,1,0,0,730
5327,7,11,10,18,11-97,572,B-C,U,146,132,4,6,1,5,294,458,0,0,1,0,0,458
1547,5,6,5,5,6-81,1850,B-C,U,130,150,5,1,3,11,300,538,1,0,1,0,0,538
1604,5,5,5,5,5-84,3024,B-C,U,165,133,5,3,1,10,317,537,1,0,1,0,0,537
2960,13,7,13,10,7-24,2095,B-C,R,250,112,33,1,0,13,409,701,1,0,1,0,1,701
117,4,1,1,1,1-58,2352,B-C,R,116,191,12,7,2,24,352,553,1,0,1,0,1,553
6585,14,14,22,22,14-28,117,B-C,U,46,52,63,3,4,0,168,389,0,0,2,0,0,389
3705,15,9,12,12,9-81,1105,B-C,U,199,189,9,1,1,6,405,671,1,0,1,0,0,671
3367,15,9,12,11,9-71,1087,B-C,U,176,155,5,2,3,14,355,635,1,0,1,0,0,635
2949,13,7,13,10,7-31,2086,B-C,R,87,129,46,3,0,0,265,555,1,0,1,0,1,555
1935,6,3,7,7,3-58,1410,B-C,U,114,147,10,4,0,5,280,480,0,0,1,0,0,480
3194,9,7,13,10,7-95,2730,B-C,R,179,145,8,9,1,19,361,738,1,0,1,0,1,738
353,2,2,2,2,2-70,2515,B-C,R,161,168,15,2,0,5,351,533,1,0,2,0,1,533
5651,13,11,18,19,11-56,922,B-C,R,163,141,49,5,2,0,360,531,1,0,1,0,1,531
4747,12,12,16,16,12-28,357,B-C,U,140,121,21,5,3,9,299,514,1,0,2,0,0,514
2671,2,2,9,9,2-25,208,B-C,R,115,116,6,6,1,19,263,441,0,0,2,0,1,441
3121,9,7,13,10,7-65,2665,B-C,U,128,130,7,6,2,9,282,544,1,0,1,0,0,544
3463,9,9,11,11,9-13,1153,B-C,M,213,113,5,1,0,17,349,600,1,0,1,0,0,600
2490,9,7,13,8,7-79,2699,B-C,R,126,147,11,1,1,17,303,498,1,0,1,0,1,498
5520,7,11,18,18,11-14,1967,B-C,R,131,146,10,7,0,15,309,683,1,0,1,0,1,683
5707,13,13,19,19,13-53,1198,B-C,R,97,123,4,0,0,6,230,395,0,0,2,0,1,395
3482,15,9,11,11,9-22,1164,B-C,R,130,187,10,2,0,7,336,609,1,0,1,0,1,609
5351,7,11,10,18,11-100,588,B-C,R,65,47,1,4,1,4,122,205,0,0,1,0,1,205
413,1,1,2,2,1-44,2544,B-C,U,158,156,19,2,9,19,363,700,1,0,2,0,0,700
2978,13,7,13,10,7-27,2108,B-C,R,41,110,63,2,10,26,252,662,0,0,1,0,1,662
756,3,5,3,3,5-22,1713,B-C,U,188,184,5,1,4,7,389,484,0,0,1,0,0,484
4782,12,12,16,16,12-20,401,B-C,U,175,171,24,8,6,14,398,665,1,0,2,0,0,665
5775,13,13,19,19,13-67,2841,B-C,U,41,163,94,2,4,23,327,593,1,0,2,0,0,593
2695,2,2,9,9,2-23,222,B-C,R,60,145,7,4,1,15,232,457,0,0,2,0,1,457
1911,6,3,7,7,3-42,1389,B-C,U,178,198,11,4,3,8,402,643,1,0,1,0,0,643
1049,3,3,3,4,3-26,1315,B-C,U,144,143,4,0,2,7,300,464,0,0,1,0,0,464
4563,2,12,16,15,12-64,514,B-C,M,185,185,20,3,0,11,404,688,1,0,2,0,0,688
6159,10,10,20,20,10-91,2996,B-C,R,80,131,6,1,0,9,227,441,0,0,2,0,1,441
3958,8,8,14,13,8-90,2177,B-C,U,167,200,21,9,5,0,402,691,1,0,2,0,0,691
648,5,5,7,3,5-31,1399,B-C,U,121,168,9,4,2,6,310,431,0,0,1,0,0,431
6641,14,14,22,22,14-74,660,B-C,R,133,245,72,3,0,12,465,723,1,0,2,0,1,723
5570,7,11,18,18,11-8,1989,B-C,U,73,120,9,2,0,8,212,385,0,0,1,0,0,385
2232,4,4,8,8,4-49,844,B-C,U,148,112,24,14,3,16,317,478,0,0,1,0,0,478
1948,6,3,7,7,3-59,1415,B-C,U,192,241,14,2,4,7,460,663,1,0,1,0,0,663
3196,9,7,13,10,7-95,2731,B-C,R,71,119,13,8,0,16,227,434,0,0,1,0,1,434
5523,7,11,18,18,11-32,1968,B-C,M,170,110,13,2,1,7,303,503,1,0,1,0,0,503
4469,12,12,15,15,12-3,418,B-C,U,213,210,27,2,8,15,475,736,0,0,2,0,0,736
724,3,5,3,3,5-13,1697,B-C,U,176,328,20,7,5,15,551,736,1,0,1,0,0,736
5526,7,11,18,18,11-33,1969,B-C,M,190,147,5,3,0,15,360,613,1,0,1,0,0,613
1811,11,6,6,6,6-53,1637,B-C,U,192,176,4,1,2,15,390,611,1,0,1,0,0,611
6564,14,14,22,22,14-21,106,B-C,R,30,95,75,6,1,17,224,436,0,0,2,0,1,436
1769,11,6,6,6,6-49,1613,B-C,U,216,239,6,4,1,8,474,739,1,0,1,0,0,739
6142,10,10,20,20,10-91,2986,B-C,R,123,102,5,2,0,13,245,543,1,0,2,0,1,543
3107,7,7,10,10,7-57,2498,B-C,R,125,80,14,2,2,10,233,457,0,0,1,0,1,457
414,1,1,2,2,1-44,2544,B-C,U,146,168,24,5,7,24,374,700,1,0,2,0,0,700
5590,7,11,18,18,11-22,2001,B-C,R,140,89,3,1,0,12,245,467,0,0,1,0,1,467
1343,5,5,5,5,5-48,1483,B-C,U,176,149,2,2,4,7,340,623,1,0,1,0,0,623
5353,7,11,10,18,11-104,590,B-C,R,111,127,3,6,0,18,265,509,0,0,1,0,1,509
3539,9,4,11,12,4-89,951,B-C,U,170,261,17,5,1,10,464,628,1,0,1,0,0,628
1888,3,3,7,7,3-48,1374,B-C,U,118,181,7,3,3,12,324,482,0,0,1,0,0,482
1079,3,3,7,4,3-32,1326,B-C,U,149,151,4,2,0,14,320,567,1,0,1,0,0,567
3053,7,7,10,10,7-43,2476,B-C,U,91,186,6,1,1,7,292,529,1,0,1,0,0,529
2160,11,6,6,7,6-6,1653,B-C,R,189,199,13,1,2,10,414,723,1,0,1,0,1,723
5679,13,13,19,19,13-46,1185,B-C,U,153,207,24,2,4,5,395,567,1,0,2,0,0,567
6678,14,14,22,22,14-83,1225,B-C,R,47,79,104,3,6,27,266,576,1,0,2,0,1,576
6574,14,14,22,22,14-25,112,B-C,R,48,119,60,16,9,39,291,710,0,0,2,0,1,710
870,5,5,5,3,5-58,1767,B-C,U,147,227,7,1,0,10,392,612,1,0,1,0,0,612
1319,5,6,5,5,6-83,1464,B-C,U,175,171,9,5,4,15,379,647,0,0,1,0,0,647
2306,4,4,8,8,4-67,878,B-C,M,231,186,29,6,3,5,460,747,0,1,1,0,0,747
6089,10,10,20,20,10-81,2958,B-C,U,118,204,12,38,5,29,406,676,1,0,2,0,0,676
